frame,landmark0_x,landmark0_y,landmark11_x,landmark11_y,landmark12_x,landmark12_y,landmark13_x,landmark13_y,landmark14_x,landmark14_y,landmark15_x,landmark15_y,landmark16_x,landmark16_y,landmark23_x,landmark23_y,landmark24_x,landmark24_y,landmark25_x,landmark25_y,landmark26_x,landmark26_y,landmark27_x,landmark27_y,landmark28_x,landmark28_y,neck_x,neck_y,hip_x,hip_y
1,0.4400240480899811,0.5715855956077576,0.5658895373344421,0.7508005499839783,0.3723992705345154,0.7631340026855469,0.608134388923645,0.9506243467330933,0.29583996534347534,0.9441977739334106,0.5186318159103394,0.7283036708831787,0.34545329213142395,0.7252599000930786,0.5306615829467773,1.1244875192642212,0.3831654191017151,1.1188572645187378,0.5292577147483826,1.3936314582824707,0.39070120453834534,1.390264868736267,0.531683087348938,1.630237102508545,0.39166492223739624,1.6227550506591797,0.46914440393447876,0.7569672763347626,0.4569135010242462,1.1216723918914795
2,0.4426508843898773,0.5722141861915588,0.5654688477516174,0.7503957748413086,0.36704301834106445,0.7628044486045837,0.6057345867156982,0.9514496326446533,0.2968735098838806,0.9541923403739929,0.5224059820175171,0.7314446568489075,0.3519632816314697,0.7267951369285583,0.52908855676651,1.1243048906326294,0.38111424446105957,1.1188567876815796,0.5291733741760254,1.398964762687683,0.39057594537734985,1.3968476057052612,0.5316803455352783,1.6464186906814575,0.3920638859272003,1.6428272724151611,0.46625593304634094,0.7566001117229462,0.4551014006137848,1.1215808391571045
3,0.4451279044151306,0.5750817656517029,0.5654725432395935,0.7504466772079468,0.36690425872802734,0.7627756595611572,0.6027394533157349,0.9565009474754333,0.2973719537258148,0.9585016965866089,0.5232110619544983,0.7315235733985901,0.3554089367389679,0.7302846312522888,0.5293505787849426,1.124875545501709,0.381136417388916,1.1199299097061157,0.5298326015472412,1.405679702758789,0.3904471695423126,1.4042327404022217,0.5325766205787659,1.657907247543335,0.39234840869903564,1.656028389930725,0.4661884009838104,0.756611168384552,0.4552434980869293,1.1224027276039124
4,0.44738802313804626,0.5779078602790833,0.5680770874023438,0.7511745095252991,0.3673345148563385,0.7626876831054688,0.601060688495636,0.9570185542106628,0.29940229654312134,0.9585942029953003,0.5232062935829163,0.7312192916870117,0.359467089176178,0.7312559485435486,0.5303917527198792,1.1264797449111938,0.38115978240966797,1.1204544305801392,0.5299440026283264,1.4110009670257568,0.3903888761997223,1.4074337482452393,0.5324891805648804,1.667134404182434,0.392240434885025,1.6620886325836182,0.4677058011293411,0.7569310963153839,0.45577576756477356,1.1234670877456665
5,0.45137009024620056,0.5831760764122009,0.5679891109466553,0.7521898746490479,0.3674699068069458,0.7625958323478699,0.6005344986915588,0.9575792551040649,0.30138149857521057,0.9587031006813049,0.5231376886367798,0.733872652053833,0.3627072274684906,0.7324355244636536,0.5305947065353394,1.126489520072937,0.3809220790863037,1.1205146312713623,0.5302553772926331,1.4114025831222534,0.39038607478141785,1.4078905582427979,0.5336979031562805,1.666995644569397,0.3931034803390503,1.6621677875518799,0.46772950887680054,0.7573928534984589,0.45575839281082153,1.1235020756721497
6,0.4555390477180481,0.584712564945221,0.5679534077644348,0.7527368068695068,0.3673527240753174,0.7629916667938232,0.6003090739250183,0.9590943455696106,0.30133676528930664,0.9604224562644958,0.5231099724769592,0.7343388795852661,0.3637620806694031,0.7329024076461792,0.5304776430130005,1.1281706094741821,0.38034194707870483,1.1222025156021118,0.5305553674697876,1.4147074222564697,0.3904024064540863,1.4112133979797363,0.5348382592201233,1.6707955598831177,0.3936540484428406,1.6656098365783691,0.4676530659198761,0.757864236831665,0.45540979504585266,1.125186562538147
7,0.4566221237182617,0.5851506590843201,0.5680042505264282,0.7528803944587708,0.3672875761985779,0.7638200521469116,0.6004202365875244,0.9600051045417786,0.3013164699077606,0.9626896977424622,0.52305006980896,0.7346082925796509,0.3645063042640686,0.7332750558853149,0.530482292175293,1.129685878753662,0.3801132142543793,1.124207854270935,0.530890166759491,1.4168684482574463,0.39040476083755493,1.414366364479065,0.5359401106834412,1.6723769903182983,0.3941926658153534,1.6683967113494873,0.46764591336250305,0.7583502233028412,0.4552977532148361,1.1269468665122986
8,0.45596641302108765,0.5848552584648132,0.5679861307144165,0.7534991502761841,0.3669365346431732,0.7640911936759949,0.5998784899711609,0.9599539637565613,0.3012942969799042,0.9621611833572388,0.5249837636947632,0.7336035370826721,0.36403506994247437,0.7335484623908997,0.5294660329818726,1.1311146020889282,0.3795076310634613,1.1253888607025146,0.530361533164978,1.4189599752426147,0.3895256519317627,1.416276454925537,0.5348845720291138,1.674594521522522,0.39360037446022034,1.6705870628356934,0.46746133267879486,0.7587951719760895,0.45448683202266693,1.1282517313957214
9,0.4554879665374756,0.5851222276687622,0.5678609609603882,0.7550525069236755,0.3649105727672577,0.7657157182693481,0.5995896458625793,0.9603127837181091,0.3009805381298065,0.9620323181152344,0.5268758535385132,0.7331466674804688,0.3640313744544983,0.7332334518432617,0.5281113386154175,1.1360704898834229,0.37792912125587463,1.1300163269042969,0.5294631123542786,1.4252465963363647,0.38729533553123474,1.4215855598449707,0.533284068107605,1.681942343711853,0.39201098680496216,1.6760733127593994,0.46638576686382294,0.7603841125965118,0.45302022993564606,1.1330434083938599
10,0.45514798164367676,0.5861196517944336,0.567843496799469,0.7573495507240295,0.36273008584976196,0.7670460939407349,0.5990405082702637,0.9628446698188782,0.3009478449821472,0.96170973777771,0.5271427035331726,0.7319027185440063,0.36861640214920044,0.7329879403114319,0.5266779065132141,1.143889307975769,0.37505003809928894,1.13728928565979,0.527393639087677,1.4341782331466675,0.38376444578170776,1.4296685457229614,0.5315770506858826,1.69011652469635,0.3906267285346985,1.6814340353012085,0.4652867913246155,0.7621978223323822,0.4508639723062515,1.1405892968177795
11,0.4559721350669861,0.5883532166481018,0.5708988904953003,0.7576109170913696,0.3659648299217224,0.767048716545105,0.602054238319397,0.9625945687294006,0.3008684515953064,0.9603646993637085,0.5270224213600159,0.7270660996437073,0.3685797452926636,0.7336170077323914,0.5294709801673889,1.1470450162887573,0.37570756673812866,1.1392199993133545,0.5284131765365601,1.4377413988113403,0.38390928506851196,1.431835412979126,0.532741129398346,1.694243311882019,0.3906404674053192,1.685200810432434,0.46843186020851135,0.7623298168182373,0.4525892734527588,1.143132507801056
12,0.45801082253456116,0.5891223549842834,0.573936939239502,0.761626124382019,0.37613147497177124,0.7671027779579163,0.6034271717071533,0.9633674621582031,0.3008078336715698,0.9590414762496948,0.5292664766311646,0.7223199605941772,0.3680489659309387,0.7275398969650269,0.5327221155166626,1.1538689136505127,0.3814542889595032,1.1442168951034546,0.5296530723571777,1.4447883367538452,0.38709986209869385,1.4361404180526733,0.5328500270843506,1.7023993730545044,0.39121413230895996,1.689378261566162,0.4750342071056366,0.7643644511699677,0.4570882022380829,1.1490429043769836
13,0.4586237072944641,0.5890073180198669,0.5737507343292236,0.7548295855522156,0.37694022059440613,0.7615507245063782,0.6031748652458191,0.957548975944519,0.3008582293987274,0.9589205384254456,0.5343634486198425,0.723254919052124,0.3677752912044525,0.7269284129142761,0.5354099273681641,1.1427401304244995,0.38669759035110474,1.1373006105422974,0.5344681143760681,1.4338833093643188,0.3942754566669464,1.4311188459396362,0.5381115078926086,1.6912462711334229,0.40088510513305664,1.686809778213501,0.4753454774618149,0.7581901550292969,0.4610537588596344,1.1400203704833984
14,0.45958662033081055,0.5889264941215515,0.5748159885406494,0.7524394989013672,0.37638792395591736,0.7572193741798401,0.6039526462554932,0.9567917585372925,0.3025330901145935,0.957057535648346,0.5340153574943542,0.7222537994384766,0.37109965085983276,0.7265816926956177,0.5352979898452759,1.1363959312438965,0.38662415742874146,1.130645751953125,0.5356564521789551,1.4272083044052124,0.39440616965293884,1.423061728477478,0.5412646532058716,1.6855324506759644,0.40164685249328613,1.6802276372909546,0.4756019562482834,0.7548294365406036,0.46096107363700867,1.1335208415985107
15,0.4593788981437683,0.5899971127510071,0.5746503472328186,0.7522289752960205,0.37714317440986633,0.7575839161872864,0.6034309267997742,0.9568204879760742,0.302467405796051,0.9570052623748779,0.5335012078285217,0.7218688726425171,0.3706916868686676,0.725982129573822,0.5366121530532837,1.13668692111969,0.3877504765987396,1.130989909172058,0.5367134809494019,1.4273433685302734,0.39672258496284485,1.4231549501419067,0.5426538586616516,1.6849639415740967,0.40395790338516235,1.6792734861373901,0.47589676082134247,0.7549064457416534,0.46218131482601166,1.133838415145874
16,0.4593457281589508,0.5900782346725464,0.5744443535804749,0.7522404193878174,0.3816876709461212,0.7577613592147827,0.6034220457077026,0.9570233225822449,0.30213218927383423,0.9569621682167053,0.5334600210189819,0.7220213413238525,0.36495447158813477,0.7271554470062256,0.5387929677963257,1.1366324424743652,0.3904452919960022,1.1309845447540283,0.5390478372573853,1.426970362663269,0.3987353444099426,1.4230858087539673,0.5461910963058472,1.6847838163375854,0.4071054458618164,1.6790893077850342,0.47806601226329803,0.7550008893013,0.46461912989616394,1.1338084936141968
17,0.4591788649559021,0.5898025035858154,0.5694002509117126,0.7483721375465393,0.3819931149482727,0.7519786953926086,0.6031469106674194,0.9511886835098267,0.3096422851085663,0.9496511816978455,0.5402722358703613,0.722112238407135,0.3577161133289337,0.7280844449996948,0.5386539697647095,1.1205378770828247,0.390617311000824,1.1174439191818237,0.5389531850814819,1.407999873161316,0.3984456956386566,1.4076403379440308,0.5455679893493652,1.6660171747207642,0.4066564440727234,1.6643922328948975,0.4756966829299927,0.750175416469574,0.4646356403827667,1.1189908981323242
18,0.45839476585388184,0.5908052325248718,0.569426417350769,0.7487356662750244,0.37780022621154785,0.7556124329566956,0.6031593680381775,0.9555244445800781,0.3095036447048187,0.9517454504966736,0.5228024125099182,0.7228984236717224,0.3640502095222473,0.7318896055221558,0.5366612076759338,1.1288599967956543,0.3844504654407501,1.1224673986434937,0.5336348414421082,1.417618989944458,0.3895033597946167,1.4121391773223877,0.5375247597694397,1.6775097846984863,0.39412301778793335,1.6721833944320679,0.47361332178115845,0.75217404961586,0.460555836558342,1.125663697719574
19,0.4561890959739685,0.5912761688232422,0.569585382938385,0.7493600845336914,0.37818294763565063,0.7559055089950562,0.6002201437950134,0.9594312906265259,0.3077073395252228,0.9518343210220337,0.523845374584198,0.7229506969451904,0.36231544613838196,0.7308909893035889,0.5362428426742554,1.1374233961105347,0.38432031869888306,1.1275248527526855,0.5299227833747864,1.4280250072479248,0.38577333092689514,1.4217804670333862,0.5296897292137146,1.6899632215499878,0.3870373070240021,1.6830769777297974,0.4738841652870178,0.7526327967643738,0.4602815806865692,1.13247412443161
20,0.45601850748062134,0.5912400484085083,0.5661287307739258,0.7471106052398682,0.37814250588417053,0.7541651129722595,0.5990598797798157,0.959431529045105,0.3076452612876892,0.9521013498306274,0.5364553332328796,0.7241560816764832,0.35801932215690613,0.7313157916069031,0.5361398458480835,1.1275049448013306,0.3844030499458313,1.1224045753479004,0.5307301878929138,1.4178491830825806,0.38726571202278137,1.4170596599578857,0.5308137536048889,1.6801129579544067,0.3900931477546692,1.6782841682434082,0.47213561832904816,0.7506378591060638,0.4602714478969574,1.1249547600746155
21,0.4547889828681946,0.5909078121185303,0.5640278458595276,0.743216872215271,0.3789979815483093,0.7476570010185242,0.5971769094467163,0.9565398097038269,0.31006258726119995,0.9509865641593933,0.5424616932868958,0.726082444190979,0.3503566384315491,0.7355420589447021,0.5360824465751648,1.112999677658081,0.38611552119255066,1.1099853515625,0.5310068726539612,1.4023197889328003,0.38908612728118896,1.4044257402420044,0.5309643149375916,1.6645458936691284,0.39507758617401123,1.6662578582763672,0.47151291370391846,0.7454369366168976,0.4610989838838577,1.1114925146102905
22,0.4547615647315979,0.5937925577163696,0.5664681196212769,0.7437070608139038,0.37628045678138733,0.7520491480827332,0.5972687005996704,0.9565098881721497,0.31144988536834717,0.9460667967796326,0.5212428569793701,0.7258151173591614,0.37336465716362,0.7299789190292358,0.5355530977249146,1.1136460304260254,0.3849344253540039,1.111026644706726,0.5309211015701294,1.40333092212677,0.38901469111442566,1.405687928199768,0.5322020649909973,1.6656800508499146,0.3951016068458557,1.6665654182434082,0.4713742882013321,0.7478781044483185,0.46024376153945923,1.1123363375663757
23,0.4548313021659851,0.5958983898162842,0.5665524005889893,0.7438799738883972,0.37192800641059875,0.7550780773162842,0.5973513126373291,0.9564162492752075,0.31145548820495605,0.9463005661964417,0.5154319405555725,0.7260345816612244,0.38099247217178345,0.729129433631897,0.535290539264679,1.1141371726989746,0.38342052698135376,1.1117230653762817,0.5308934450149536,1.4046586751937866,0.3890935778617859,1.4067103862762451,0.5339743494987488,1.6667332649230957,0.3952034115791321,1.6667914390563965,0.469240203499794,0.7494790256023407,0.45935553312301636,1.1129301190376282
24,0.45482689142227173,0.5917786359786987,0.5656189322471619,0.7430475354194641,0.3788473606109619,0.7484185099601746,0.5964200496673584,0.9537467360496521,0.31581926345825195,0.9459899663925171,0.54017174243927,0.7280012965202332,0.3584900498390198,0.7373732924461365,0.5370138883590698,1.109133005142212,0.38986828923225403,1.1067720651626587,0.5320650339126587,1.3985638618469238,0.39154675602912903,1.4032925367355347,0.534156858921051,1.6623752117156982,0.3982008397579193,1.664062261581421,0.4722331464290619,0.7457330226898193,0.4634410887956619,1.1079525351524353
25,0.454826682806015,0.589743971824646,0.5654541254043579,0.7423368692398071,0.3822650611400604,0.746032178401947,0.5953454375267029,0.9510647654533386,0.3166096806526184,0.9449242949485779,0.5468503832817078,0.7290158867835999,0.3501794934272766,0.739479124546051,0.5382481217384338,1.1107542514801025,0.3930799067020416,1.1076229810714722,0.5329464077949524,1.3995132446289062,0.39309200644493103,1.4039491415023804,0.5343140363693237,1.661728024482727,0.39910560846328735,1.6639008522033691,0.47385959327220917,0.7441845238208771,0.46566401422023773,1.1091886162757874
26,0.45490798354148865,0.5895519256591797,0.5657563805580139,0.7428217530250549,0.3837384581565857,0.746704638004303,0.595177173614502,0.9528185725212097,0.31618648767471313,0.944665789604187,0.5469545722007751,0.7297725081443787,0.3518293797969818,0.7391027212142944,0.5385870337486267,1.1127160787582397,0.39324548840522766,1.1088368892669678,0.5336915254592896,1.4001694917678833,0.39422178268432617,1.4046138525009155,0.5344151258468628,1.6620548963546753,0.3990711569786072,1.6639816761016846,0.4747474193572998,0.744763195514679,0.4659162610769272,1.1107764840126038
27,0.4547443985939026,0.589917778968811,0.5675925016403198,0.7416066527366638,0.3819487392902374,0.7469549775123596,0.5951085090637207,0.9540445804595947,0.31605714559555054,0.9449991583824158,0.525839626789093,0.7309863567352295,0.35604482889175415,0.7389717698097229,0.5385480523109436,1.1140544414520264,0.3925800323486328,1.1096441745758057,0.5339801907539368,1.4008768796920776,0.3941674530506134,1.4023147821426392,0.5364823341369629,1.6597133874893188,0.3991166651248932,1.6591521501541138,0.4747706204652786,0.7442808151245117,0.4655640423297882,1.111849308013916
28,0.45400428771972656,0.589950442314148,0.5712132453918457,0.7519236207008362,0.38173261284828186,0.758727490901947,0.5961804389953613,0.9565603137016296,0.30473247170448303,0.9478482604026794,0.5253151655197144,0.7252396941184998,0.3564111590385437,0.7387243509292603,0.5375244617462158,1.1403107643127441,0.39029163122177124,1.129887342453003,0.5298952460289001,1.4292864799499512,0.38986536860466003,1.425459384918213,0.5295133590698242,1.685459852218628,0.39096230268478394,1.6802157163619995,0.4764729291200638,0.7553255558013916,0.46390804648399353,1.1350990533828735
29,0.453538715839386,0.5898827910423279,0.5729080438613892,0.7550609707832336,0.38378745317459106,0.7589302062988281,0.5952560901641846,0.9591693878173828,0.3049267530441284,0.946804940700531,0.528094470500946,0.7254427075386047,0.35371148586273193,0.738491952419281,0.5398081541061401,1.1478772163391113,0.3913441598415375,1.1366750001907349,0.5300025939941406,1.4370994567871094,0.3888590335845947,1.4320107698440552,0.5298084020614624,1.698968529701233,0.3897917866706848,1.6897245645523071,0.4783477485179901,0.7569955885410309,0.4655761569738388,1.142276108264923
30,0.4535532593727112,0.5898020267486572,0.5735724568367004,0.7555307149887085,0.38282495737075806,0.7588455080986023,0.5956249833106995,0.9600628018379211,0.3043605089187622,0.9504239559173584,0.5282682776451111,0.7238738536834717,0.35726264119148254,0.7389355897903442,0.539587676525116,1.1462929248809814,0.39027470350265503,1.1370664834976196,0.5300651788711548,1.436780571937561,0.38892266154289246,1.4345028400421143,0.5310040712356567,1.6963459253311157,0.3920876979827881,1.6913959980010986,0.47819870710372925,0.7571881115436554,0.4649311900138855,1.1416797041893005
31,0.4536134600639343,0.5901318192481995,0.5756930112838745,0.7525390386581421,0.38239672780036926,0.7577386498451233,0.5970322489738464,0.9602009057998657,0.30359262228012085,0.950335681438446,0.5207936763763428,0.7250427603721619,0.36288022994995117,0.7390772700309753,0.5395112633705139,1.1347956657409668,0.3898288309574127,1.1262457370758057,0.5307382345199585,1.4242147207260132,0.3898369371891022,1.42006254196167,0.5339938998222351,1.6809954643249512,0.394766628742218,1.6783193349838257,0.4790448695421219,0.7551388442516327,0.4646700471639633,1.1305207014083862
32,0.4535562992095947,0.5899880528450012,0.5755500793457031,0.7524681687355042,0.38531729578971863,0.7576181292533875,0.595763087272644,0.9577715396881104,0.3118284046649933,0.9418675899505615,0.5282135605812073,0.7251048684120178,0.3603639304637909,0.7376247048377991,0.5418311357498169,1.1347910165786743,0.3940237760543823,1.1263538599014282,0.5324724316596985,1.4240880012512207,0.390907347202301,1.4200549125671387,0.5347558259963989,1.6825652122497559,0.39525502920150757,1.6783424615859985,0.4804336875677109,0.7550431489944458,0.4679274559020996,1.1305724382400513
33,0.45354971289634705,0.5892674326896667,0.5729109644889832,0.7524431943893433,0.38510861992836,0.7574746608734131,0.594220757484436,0.9572979211807251,0.31182703375816345,0.942773163318634,0.5320775508880615,0.725385844707489,0.3603559136390686,0.7378168702125549,0.5417472124099731,1.1347062587738037,0.3938209116458893,1.1266040802001953,0.5326322317123413,1.4240480661392212,0.3907199501991272,1.4207134246826172,0.5347499847412109,1.6824982166290283,0.39518046379089355,1.678632378578186,0.47900979220867157,0.7549589276313782,0.4677840620279312,1.1306551694869995
34,0.45355457067489624,0.589286744594574,0.5774240493774414,0.7523401975631714,0.38494929671287537,0.7574228048324585,0.5935918092727661,0.9595423936843872,0.30676060914993286,0.9482628107070923,0.525962233543396,0.7254406809806824,0.36204230785369873,0.7387202978134155,0.5427218675613403,1.1343632936477661,0.3938867449760437,1.12626314163208,0.535751223564148,1.4238944053649902,0.39316216111183167,1.4200512170791626,0.5396281480789185,1.6818581819534302,0.39855116605758667,1.6767668724060059,0.4811866730451584,0.7548815011978149,0.468304306268692,1.130313217639923
35,0.45405396819114685,0.5899407863616943,0.5773418545722961,0.7521892189979553,0.3802753984928131,0.7573224306106567,0.5946531891822815,0.9622668623924255,0.304348886013031,0.9569395184516907,0.5151535272598267,0.7347900867462158,0.36424171924591064,0.745668351650238,0.5405815243721008,1.132279872894287,0.3891295790672302,1.1245805025100708,0.5348082780838013,1.4203460216522217,0.39197883009910583,1.4158912897109985,0.5394254922866821,1.6767126321792603,0.39680224657058716,1.67314875125885,0.4788086265325546,0.754755824804306,0.4648555517196655,1.128430187702179
36,0.4537886083126068,0.5883275270462036,0.5707683563232422,0.748928427696228,0.38163432478904724,0.7554547190666199,0.5937304496765137,0.96045982837677,0.30895549058914185,0.9564531445503235,0.5313452482223511,0.7351217269897461,0.3522030711174011,0.7466676235198975,0.5407148003578186,1.1279174089431763,0.39105719327926636,1.122846245765686,0.5350379347801208,1.4167125225067139,0.39208507537841797,1.4157168865203857,0.5391151905059814,1.675110101699829,0.3969241976737976,1.673170804977417,0.4762013405561447,0.752191573381424,0.4658859968185425,1.1253818273544312
37,0.4534938931465149,0.5871135592460632,0.5687407851219177,0.7497745156288147,0.3825904428958893,0.7554563283920288,0.5928291082382202,0.9598332643508911,0.30971258878707886,0.9564870595932007,0.5364052653312683,0.734992265701294,0.3478454649448395,0.7465217709541321,0.5405561327934265,1.1311511993408203,0.391296923160553,1.1264359951019287,0.5348482728004456,1.4204493761062622,0.39196228981018066,1.4222923517227173,0.5365793108940125,1.6835004091262817,0.39607301354408264,1.6816942691802979,0.4756656140089035,0.7526154220104218,0.46592652797698975,1.1287935972213745
38,0.4550347924232483,0.5895165205001831,0.5693615674972534,0.7497077584266663,0.3780919909477234,0.7541476488113403,0.5932131409645081,0.963948130607605,0.30884402990341187,0.9562804102897644,0.5146804451942444,0.7388531565666199,0.3584767282009125,0.7463822960853577,0.538338303565979,1.1302257776260376,0.38671043515205383,1.124845266342163,0.5345882177352905,1.4184907674789429,0.3919433057308197,1.416690468788147,0.5369247198104858,1.678768277168274,0.39601415395736694,1.6765602827072144,0.4737267792224884,0.7519277036190033,0.4625243693590164,1.1275355219841003
39,0.4550248682498932,0.5915753841400146,0.5698748826980591,0.7507182955741882,0.37516188621520996,0.7545804381370544,0.5934340357780457,0.9663752317428589,0.3063153922557831,0.9573009610176086,0.5081607103347778,0.7397964000701904,0.364113986492157,0.748289942741394,0.5372199416160583,1.1305428743362427,0.38353604078292847,1.12488853931427,0.5340372323989868,1.4193638563156128,0.3917519450187683,1.4167381525039673,0.5369793176651001,1.6788684129714966,0.3959256708621979,1.6767504215240479,0.4725183844566345,0.7526493668556213,0.4603779911994934,1.1277157068252563
40,0.45474129915237427,0.590526282787323,0.5671066641807556,0.7503417134284973,0.3768858015537262,0.7539087533950806,0.5936227440834045,0.9638602137565613,0.31092527508735657,0.9535864591598511,0.5236027836799622,0.7383285760879517,0.355309396982193,0.7489897608757019,0.5373353958129883,1.126988172531128,0.38485875725746155,1.1219384670257568,0.5337345004081726,1.416298270225525,0.39098888635635376,1.4153952598571777,0.5342091917991638,1.677085280418396,0.39451828598976135,1.6762152910232544,0.4719962328672409,0.7521252334117889,0.4610970765352249,1.1244633197784424
41,0.45463910698890686,0.5896075367927551,0.5663390755653381,0.7502042651176453,0.377542644739151,0.7538817524909973,0.5936390161514282,0.9635975360870361,0.3124490976333618,0.9511045813560486,0.5295135378837585,0.7379271388053894,0.35540884733200073,0.7475559711456299,0.537516176700592,1.1254346370697021,0.3857007622718811,1.120927333831787,0.5339308381080627,1.4153772592544556,0.3909487724304199,1.41487455368042,0.5342413187026978,1.67642343044281,0.3945266604423523,1.6754777431488037,0.47194086015224457,0.7520430088043213,0.4616084694862366,1.1231809854507446
42,0.45472463965415955,0.5895842909812927,0.5698757767677307,0.752105176448822,0.37794849276542664,0.754226565361023,0.5927460789680481,0.96353679895401,0.31188100576400757,0.9509641528129578,0.5276803374290466,0.7321142554283142,0.3570060729980469,0.7437847852706909,0.5377893447875977,1.1326340436935425,0.38594895601272583,1.1259703636169434,0.5340167284011841,1.4227145910263062,0.3912601172924042,1.421358346939087,0.5345675945281982,1.682733178138733,0.3947317898273468,1.6786803007125854,0.4739121347665787,0.7531658709049225,0.46186915040016174,1.129302203655243
43,0.4547240734100342,0.590255856513977,0.5740895867347717,0.7551727890968323,0.3781575560569763,0.7590434551239014,0.5947669744491577,0.9715619683265686,0.30606716871261597,0.9595712423324585,0.5184289216995239,0.7351312041282654,0.35951972007751465,0.746105432510376,0.5376721620559692,1.1393753290176392,0.38533464074134827,1.131622314453125,0.5338000655174255,1.430586338043213,0.39125412702560425,1.4266858100891113,0.5345953702926636,1.6889930963516235,0.39482778310775757,1.685538649559021,0.476123571395874,0.7571081221103668,0.46150340139865875,1.135498821735382
44,0.45432353019714355,0.5892549157142639,0.5715855360031128,0.7553088068962097,0.37793242931365967,0.7589691281318665,0.5947518944740295,0.9711615443229675,0.30628153681755066,0.9594590663909912,0.5292327404022217,0.7351169586181641,0.35615113377571106,0.7488999962806702,0.5372097492218018,1.138641357421875,0.38534310460090637,1.131350040435791,0.5322397947311401,1.4300472736358643,0.38985177874565125,1.42629873752594,0.5319376587867737,1.6887249946594238,0.3938072621822357,1.6850873231887817,0.47475898265838623,0.7571389675140381,0.46127642691135406,1.134995698928833
45,0.4539467394351959,0.5889970064163208,0.5709294676780701,0.755987286567688,0.3779110312461853,0.7593619227409363,0.5943848490715027,0.9708251953125,0.306856632232666,0.959104597568512,0.5311003923416138,0.7345548272132874,0.3562512695789337,0.7489041686058044,0.5363015532493591,1.1403230428695679,0.3844100832939148,1.1321417093276978,0.5283129811286926,1.43226158618927,0.3855937719345093,1.427746295928955,0.5242275595664978,1.6915831565856934,0.38537219166755676,1.6867774724960327,0.4744202494621277,0.7576746046543121,0.46035581827163696,1.1362323760986328
46,0.4536488652229309,0.5890407562255859,0.5772297382354736,0.7574284076690674,0.3789336085319519,0.761322557926178,0.5921422243118286,0.9706907868385315,0.30636051297187805,0.9590227603912354,0.5280904173851013,0.7310920357704163,0.3588285744190216,0.7485310435295105,0.5375019907951355,1.1451491117477417,0.3852217197418213,1.1347161531448364,0.5284621119499207,1.437411904335022,0.38573795557022095,1.4311143159866333,0.5250678062438965,1.6970490217208862,0.38597506284713745,1.6902815103530884,0.47808167338371277,0.7593754827976227,0.4613618552684784,1.139932632446289
47,0.45340976119041443,0.5888291597366333,0.5786377191543579,0.7590010166168213,0.3789380192756653,0.7637300491333008,0.5920368432998657,0.9724056124687195,0.3060370087623596,0.9607364535331726,0.5239602327346802,0.7308445572853088,0.35869163274765015,0.7490351796150208,0.5369132161140442,1.1449034214019775,0.3842953145503998,1.134440302848816,0.5272106528282166,1.4369062185287476,0.3842279016971588,1.4314831495285034,0.5250404477119446,1.696476697921753,0.3854841887950897,1.690564513206482,0.4787878692150116,0.761365532875061,0.460604265332222,1.1396718621253967
48,0.45307284593582153,0.5882973074913025,0.5788983702659607,0.7586320042610168,0.37922459840774536,0.7634578347206116,0.592513918876648,0.9722481369972229,0.3096621334552765,0.96047443151474,0.5238853096961975,0.7307747602462769,0.35432636737823486,0.7535447478294373,0.53740394115448,1.135059118270874,0.38475480675697327,1.1246788501739502,0.5272699594497681,1.4253557920455933,0.3843498229980469,1.4231053590774536,0.525177538394928,1.6851258277893066,0.385845422744751,1.684635877609253,0.479061484336853,0.7610449194908142,0.4610793739557266,1.129868984222412
49,0.45261138677597046,0.5883143544197083,0.5787588357925415,0.7575767636299133,0.38004109263420105,0.7612298130989075,0.5925306677818298,0.9719774127006531,0.30998700857162476,0.9605030417442322,0.49873167276382446,0.7452570199966431,0.35680079460144043,0.7534757256507874,0.5383532643318176,1.1329163312911987,0.3852614760398865,1.1237521171569824,0.5293306112289429,1.4235135316848755,0.3859671950340271,1.4211792945861816,0.5279412865638733,1.6811442375183105,0.38780519366264343,1.6803313493728638,0.4793999642133713,0.7594032883644104,0.46180737018585205,1.1283342242240906
50,0.45246464014053345,0.5892018675804138,0.5761603116989136,0.757282018661499,0.37532326579093933,0.7591386437416077,0.5937162637710571,0.9718406796455383,0.3075496554374695,0.961571455001831,0.48513394594192505,0.7498277425765991,0.36095893383026123,0.7553075551986694,0.5372294783592224,1.134124755859375,0.3825295567512512,1.1257752180099487,0.528412401676178,1.4246383905410767,0.38436323404312134,1.4218262434005737,0.528102457523346,1.6811836957931519,0.38678041100502014,1.6804924011230469,0.47574178874492645,0.7582103312015533,0.4598795175552368,1.1299499869346619
51,0.4524030089378357,0.5895477533340454,0.5761213302612305,0.7572278380393982,0.3740653395652771,0.7583491802215576,0.5937674641609192,0.9717227816581726,0.3071996569633484,0.9655552506446838,0.48138371109962463,0.7498888373374939,0.36385780572891235,0.7555102109909058,0.5371907949447632,1.134503722190857,0.3815699815750122,1.1268231868743896,0.5284422039985657,1.425207495689392,0.3843468725681305,1.4228012561798096,0.5287710428237915,1.6812413930892944,0.38689273595809937,1.6807425022125244,0.4750933349132538,0.7577885091304779,0.4593803882598877,1.1306634545326233
52,0.45265325903892517,0.5884862542152405,0.5760318040847778,0.757188618183136,0.37466686964035034,0.7580506801605225,0.5940189957618713,0.9715994596481323,0.3117808997631073,0.9618128538131714,0.5101991295814514,0.7467986345291138,0.3585100769996643,0.7556384205818176,0.5376114845275879,1.1287678480148315,0.3832530975341797,1.1213279962539673,0.5296064615249634,1.4190008640289307,0.386759489774704,1.4167109727859497,0.5300430059432983,1.6764068603515625,0.3897066116333008,1.6751898527145386,0.4753493368625641,0.7576196491718292,0.4604322910308838,1.1250479221343994
53,0.45264801383018494,0.5880911946296692,0.5794035792350769,0.7578859329223633,0.3781903088092804,0.7604462504386902,0.5940641164779663,0.9717186093330383,0.3119273781776428,0.9605094194412231,0.5101693868637085,0.7465534210205078,0.35854607820510864,0.7539050579071045,0.5381680727005005,1.130800485610962,0.38419896364212036,1.1217060089111328,0.529656708240509,1.420072078704834,0.38675475120544434,1.4171198606491089,0.5302648544311523,1.6783392429351807,0.38993510603904724,1.6755644083023071,0.47879694402217865,0.7591660916805267,0.4611835181713104,1.1262532472610474
54,0.45360293984413147,0.589849054813385,0.577152669429779,0.7574144005775452,0.3753117322921753,0.7601040601730347,0.5970555543899536,0.9713956713676453,0.30791252851486206,0.9603836536407471,0.4864289164543152,0.7490630745887756,0.3635188937187195,0.7530132532119751,0.5376676917076111,1.1319900751113892,0.3834492862224579,1.1240172386169434,0.5296956300735474,1.4211643934249878,0.3872033357620239,1.4178943634033203,0.5321933031082153,1.6786199808120728,0.3910566568374634,1.6756327152252197,0.4762322008609772,0.7587592303752899,0.4605584889650345,1.1280036568641663
55,0.45231157541275024,0.5896613001823425,0.576659619808197,0.7558567523956299,0.37598681449890137,0.7594681978225708,0.5970323085784912,0.971306562423706,0.307815283536911,0.9581278562545776,0.48642492294311523,0.7509221434593201,0.36481210589408875,0.749988317489624,0.537662923336029,1.1316970586776733,0.38371482491493225,1.1241053342819214,0.5300670862197876,1.421377182006836,0.3884698748588562,1.418115496635437,0.5336877703666687,1.6780081987380981,0.39381542801856995,1.6753567457199097,0.4763232171535492,0.7576624751091003,0.46068887412548065,1.1279011964797974
56,0.4512746334075928,0.5890657901763916,0.5769615769386292,0.7558485269546509,0.37692224979400635,0.7613060474395752,0.594213604927063,0.971261203289032,0.3080925941467285,0.957643449306488,0.4892041087150574,0.7490382790565491,0.3634185194969177,0.7489766478538513,0.5379608273506165,1.135225534439087,0.3837273418903351,1.127147912979126,0.5300439596176147,1.4268237352371216,0.38698574900627136,1.423807978630066,0.5336526036262512,1.684316635131836,0.39344191551208496,1.68095064163208,0.47694191336631775,0.758577287197113,0.46084408462047577,1.1311867237091064
57,0.45311203598976135,0.5889136791229248,0.5776273012161255,0.7556116580963135,0.37923914194107056,0.7612430453300476,0.5942175984382629,0.9711235165596008,0.3098703920841217,0.9523910284042358,0.49820441007614136,0.7486605048179626,0.3566611111164093,0.7490686774253845,0.5399843454360962,1.132198691368103,0.38603562116622925,1.1238657236099243,0.5327708125114441,1.420508861541748,0.3889004588127136,1.4168744087219238,0.5372703671455383,1.6796948909759521,0.39527446031570435,1.6764308214187622,0.478433221578598,0.7584273517131805,0.4630099833011627,1.1280322074890137
58,0.4532267451286316,0.5882765650749207,0.5683039426803589,0.7572259902954102,0.3717103898525238,0.7621476650238037,0.5941548347473145,0.9706661701202393,0.30980661511421204,0.9547892808914185,0.5250195264816284,0.7466310262680054,0.35191431641578674,0.7497832179069519,0.5362370610237122,1.1316996812820435,0.3839517831802368,1.1239193677902222,0.5326038599014282,1.4199445247650146,0.3880021572113037,1.4171874523162842,0.5366031527519226,1.6788928508758545,0.3940204083919525,1.6764888763427734,0.47000716626644135,0.7596868276596069,0.4600944221019745,1.1278095245361328
59,0.45321765542030334,0.5881414413452148,0.5652675032615662,0.7557449340820312,0.3717055916786194,0.7566518783569336,0.5943716764450073,0.9705793857574463,0.31024378538131714,0.9546983242034912,0.5287873148918152,0.7467823028564453,0.35243359208106995,0.7488619089126587,0.5346077084541321,1.1218172311782837,0.3833979666233063,1.116733431816101,0.5324645042419434,1.4092289209365845,0.3879084289073944,1.4076440334320068,0.5363249182701111,1.668528437614441,0.39354243874549866,1.6675242185592651,0.4684865474700928,0.7561984062194824,0.4590028375387192,1.1192753314971924
60,0.4529992640018463,0.5880051255226135,0.565257728099823,0.7523059248924255,0.3719429075717926,0.751880407333374,0.5939913988113403,0.9701520204544067,0.3106687366962433,0.9539363980293274,0.526808500289917,0.7467343211174011,0.35272449254989624,0.748900830745697,0.535032331943512,1.1158447265625,0.3845718502998352,1.1117644309997559,0.5338934659957886,1.4031277894973755,0.38843727111816406,1.4006068706512451,0.5379074215888977,1.6616181135177612,0.393965482711792,1.658957600593567,0.4686003178358078,0.7520931661128998,0.4598020911216736,1.113804578781128
61,0.45299139618873596,0.5877780318260193,0.5645837187767029,0.7497396469116211,0.3708754777908325,0.7493582367897034,0.5939980745315552,0.9700233340263367,0.3106592893600464,0.9539950489997864,0.5244866609573364,0.7466933727264404,0.3528163433074951,0.7520338296890259,0.5337823629379272,1.1153945922851562,0.383681982755661,1.111507773399353,0.5338447093963623,1.4016937017440796,0.3881562650203705,1.3997015953063965,0.5378199815750122,1.6595103740692139,0.393942654132843,1.6560962200164795,0.4677295982837677,0.7495489418506622,0.45873217284679413,1.1134511828422546
62,0.4529906213283539,0.587489902973175,0.5648292303085327,0.7487982511520386,0.3709806799888611,0.7481970191001892,0.5940330028533936,0.9698294997215271,0.30963489413261414,0.9540191888809204,0.5235744714736938,0.7466539144515991,0.35273876786231995,0.7573474049568176,0.533589243888855,1.1160686016082764,0.3832855224609375,1.1116772890090942,0.533591091632843,1.4023813009262085,0.38751059770584106,1.400259256362915,0.5372844338417053,1.6595690250396729,0.3932339549064636,1.6556223630905151,0.4679049551486969,0.7484976351261139,0.45843738317489624,1.1138729453086853
63,0.45288458466529846,0.5868472456932068,0.5648288726806641,0.7466033101081848,0.3711093068122864,0.7428262829780579,0.5943084955215454,0.9698905348777771,0.30916720628738403,0.9538667798042297,0.5227391123771667,0.7471229434013367,0.35291868448257446,0.7592073082923889,0.5334118604660034,1.1105986833572388,0.38322725892066956,1.1049593687057495,0.5330139398574829,1.3974915742874146,0.3862593472003937,1.3928762674331665,0.5354339480400085,1.655066967010498,0.3898409307003021,1.647230863571167,0.4679690897464752,0.7447147965431213,0.4583195596933365,1.1077790260314941
64,0.4528788924217224,0.5864444971084595,0.5644682049751282,0.7467514276504517,0.37063902616500854,0.7430587410926819,0.5949174761772156,0.971828043460846,0.3072010576725006,0.9557474255561829,0.5230422616004944,0.7472826242446899,0.353066623210907,0.7609264254570007,0.532366156578064,1.1117762327194214,0.3815627694129944,1.1061463356018066,0.5318601131439209,1.3989653587341309,0.38494351506233215,1.394819974899292,0.5328259468078613,1.656502366065979,0.3871818482875824,1.6493738889694214,0.46755361557006836,0.7449050843715668,0.4569644629955292,1.108961284160614
65,0.4528889060020447,0.5861129760742188,0.5645744800567627,0.7463750243186951,0.37021955847740173,0.7423034906387329,0.5951375365257263,0.9724237322807312,0.3058091104030609,0.9572274088859558,0.522891640663147,0.7475910186767578,0.35305193066596985,0.7631490230560303,0.5311905145645142,1.1123961210250854,0.38066819310188293,1.1068041324615479,0.5311528444290161,1.3991248607635498,0.38440844416618347,1.3955243825912476,0.5320546627044678,1.6559351682662964,0.38647162914276123,1.6493136882781982,0.4673970192670822,0.744339257478714,0.45592935383319855,1.1096001267433167
66,0.4526103138923645,0.5853594541549683,0.5644139051437378,0.7453022599220276,0.36921176314353943,0.7420639395713806,0.5951603651046753,0.9732948541641235,0.3042243719100952,0.9630314111709595,0.5226182341575623,0.7475326061248779,0.35347220301628113,0.7707990407943726,0.5288809537887573,1.1127114295959473,0.37936100363731384,1.10697340965271,0.5295191407203674,1.3992373943328857,0.3836689293384552,1.3952363729476929,0.5288795232772827,1.6555349826812744,0.38527801632881165,1.6481034755706787,0.4668128341436386,0.7436830997467041,0.4541209787130356,1.1098424196243286
67,0.4522971212863922,0.5846874117851257,0.563998281955719,0.7436581254005432,0.36885499954223633,0.7417870163917542,0.5951486825942993,0.9732474684715271,0.30363839864730835,0.9652187824249268,0.5224086046218872,0.7475783228874207,0.3540479838848114,0.7728338837623596,0.5288125276565552,1.111631155014038,0.3794073164463043,1.1063257455825806,0.5294294357299805,1.3976997137069702,0.3836771845817566,1.3942787647247314,0.5288907289505005,1.65327787399292,0.38539305329322815,1.6465110778808594,0.46642664074897766,0.7427225708961487,0.45410992205142975,1.1089784502983093
68,0.45204824209213257,0.5845180749893188,0.5640110373497009,0.7422742247581482,0.368744432926178,0.740352988243103,0.595092236995697,0.9725614786148071,0.30381065607070923,0.9649430513381958,0.5222335457801819,0.7482796311378479,0.3554149866104126,0.7723920345306396,0.5288928151130676,1.1072784662246704,0.3794456720352173,1.102077603340149,0.5293001532554626,1.3933037519454956,0.3836899399757385,1.3898417949676514,0.5289111137390137,1.6479582786560059,0.38548988103866577,1.641473650932312,0.46637773513793945,0.7413136065006256,0.45416924357414246,1.1046780347824097
69,0.45201459527015686,0.5845001339912415,0.564003050327301,0.7412459850311279,0.36865103244781494,0.7402726411819458,0.5949224233627319,0.9719796776771545,0.30420437455177307,0.9653280377388,0.5217312574386597,0.7495557069778442,0.35816633701324463,0.7717302441596985,0.5290459394454956,1.1058369874954224,0.3798277974128723,1.101045846939087,0.5293362736701965,1.391510248184204,0.3840206563472748,1.3888320922851562,0.5292316675186157,1.6458417177200317,0.38583090901374817,1.640638828277588,0.466327041387558,0.7407593131065369,0.45443686842918396,1.1034414172172546
70,0.4519270360469818,0.5844715237617493,0.564030110836029,0.7404429912567139,0.3686602711677551,0.7404099702835083,0.5939504504203796,0.9717922806739807,0.3042605221271515,0.9659297466278076,0.5211986899375916,0.7517048716545105,0.35947662591934204,0.771485447883606,0.5292664170265198,1.1042561531066895,0.38056549429893494,1.0998611450195312,0.529350757598877,1.3891618251800537,0.3848528265953064,1.3864744901657104,0.5294287204742432,1.641865611076355,0.38618355989456177,1.6376715898513794,0.4663451910018921,0.7404264807701111,0.45491595566272736,1.1020586490631104
71,0.4519190192222595,0.5844510793685913,0.5640571713447571,0.7390623688697815,0.3686877489089966,0.7402040958404541,0.5937263369560242,0.9703130125999451,0.3043122887611389,0.9657976627349854,0.5208678841590881,0.7524014711380005,0.3599424958229065,0.7705146074295044,0.5299033522605896,1.100268840789795,0.3816535472869873,1.0958161354064941,0.5293688178062439,1.3840657472610474,0.38509276509284973,1.3803808689117432,0.5296428203582764,1.6361994743347168,0.3864302933216095,1.6313003301620483,0.46637246012687683,0.7396332323551178,0.45577844977378845,1.0980424880981445
72,0.4519125521183014,0.5850808024406433,0.5644901990890503,0.7389338612556458,0.36903661489486694,0.7403315901756287,0.5936797857284546,0.9689387679100037,0.3082016110420227,0.9621090292930603,0.5208244919776917,0.7524310946464539,0.3600890040397644,0.7489547729492188,0.530044436454773,1.0986018180847168,0.3824695348739624,1.0944883823394775,0.5294978022575378,1.380810260772705,0.38605615496635437,1.3774933815002441,0.5301220417022705,1.6328227519989014,0.38769668340682983,1.627974271774292,0.4667634069919586,0.7396327257156372,0.4562569856643677,1.0965451002120972
73,0.45212870836257935,0.5859771370887756,0.5646175146102905,0.7394512891769409,0.3690492510795593,0.7451906204223633,0.5932486057281494,0.9680996537208557,0.309329092502594,0.959492564201355,0.5201867818832397,0.7523938417434692,0.36034882068634033,0.7379946112632751,0.530084490776062,1.1010314226150513,0.38252225518226624,1.0972009897232056,0.5295184254646301,1.3823277950286865,0.38621965050697327,1.3793139457702637,0.5307518243789673,1.6340622901916504,0.38797715306282043,1.6287704706192017,0.4668333828449249,0.7423209547996521,0.4563033729791641,1.0991162061691284
74,0.4525131583213806,0.5865162014961243,0.5646356344223022,0.7395029067993164,0.3690497875213623,0.7486688494682312,0.593294084072113,0.9662004113197327,0.3094249963760376,0.959184467792511,0.5171259641647339,0.7453815340995789,0.3598170578479767,0.7366771697998047,0.5313430428504944,1.10127854347229,0.38347139954566956,1.0976142883300781,0.5310186147689819,1.3832601308822632,0.38815826177597046,1.379927396774292,0.5345721244812012,1.6354025602340698,0.39308708906173706,1.6296974420547485,0.4668427109718323,0.7440858781337738,0.45740722119808197,1.099446415901184
75,0.4526083469390869,0.5873127579689026,0.5649923086166382,0.7406719326972961,0.3694989085197449,0.7528005242347717,0.5933895707130432,0.965121865272522,0.30862945318222046,0.9592621326446533,0.5159842371940613,0.7427937984466553,0.35827940702438354,0.7376853227615356,0.5334914326667786,1.1043437719345093,0.3853308856487274,1.1007516384124756,0.5324773788452148,1.3867077827453613,0.39090102910995483,1.3844016790390015,0.5364186763763428,1.6384551525115967,0.39688557386398315,1.6342054605484009,0.46724560856819153,0.7467362284660339,0.459411159157753,1.1025477051734924
76,0.45248857140541077,0.5875193476676941,0.5658495426177979,0.7422274947166443,0.3698645532131195,0.7541496753692627,0.5932548642158508,0.9651100635528564,0.30864739418029785,0.9580749273300171,0.5145661234855652,0.7372075319290161,0.35708606243133545,0.7364175319671631,0.5344282388687134,1.1076380014419556,0.38552621006965637,1.1033400297164917,0.5332344770431519,1.391366958618164,0.39112037420272827,1.3884103298187256,0.537246823310852,1.6443604230880737,0.39685001969337463,1.6394081115722656,0.4678570479154587,0.7481885850429535,0.4599772244691849,1.1054890155792236
77,0.4524858593940735,0.5876800417900085,0.5660564303398132,0.7432090044021606,0.36972394585609436,0.754325270652771,0.5931671857833862,0.9650665521621704,0.308635950088501,0.9580987095832825,0.5143276453018188,0.7360817790031433,0.3561541438102722,0.7373354434967041,0.534590482711792,1.1079272031784058,0.38574835658073425,1.1037061214447021,0.5336509943008423,1.3916500806808472,0.39206236600875854,1.3884775638580322,0.5377379655838013,1.6444213390350342,0.3983023464679718,1.63953697681427,0.4678901880979538,0.7487671375274658,0.4601694196462631,1.105816662311554
78,0.45248812437057495,0.5877838730812073,0.5664937496185303,0.7437747120857239,0.36974024772644043,0.7545421123504639,0.5933108329772949,0.96513432264328,0.308627188205719,0.9585065841674805,0.5140277743339539,0.7354819774627686,0.35569432377815247,0.738102376461029,0.5348343253135681,1.1089047193527222,0.38593897223472595,1.1048496961593628,0.5343126058578491,1.3924823999404907,0.39245152473449707,1.3893581628799438,0.5388223528862,1.645238995552063,0.3986697196960449,1.6402454376220703,0.46811699867248535,0.7491584122180939,0.46038664877414703,1.1068772077560425
79,0.45248159766197205,0.587697446346283,0.5665039420127869,0.7437224984169006,0.36960041522979736,0.754595935344696,0.5932598114013672,0.963295042514801,0.3086187243461609,0.9584976434707642,0.5139725804328918,0.7349084615707397,0.35563933849334717,0.7372969388961792,0.5351659655570984,1.1092413663864136,0.38638991117477417,1.1059476137161255,0.5358006358146667,1.3927419185638428,0.3938750624656677,1.3906476497650146,0.5419387817382812,1.6457163095474243,0.4015541672706604,1.641796350479126,0.4680521786212921,0.7491592168807983,0.4607779383659363,1.1075944900512695
80,0.45247355103492737,0.5876893401145935,0.566582441329956,0.7438876032829285,0.36959215998649597,0.7546062469482422,0.5931664109230042,0.9622430801391602,0.30863457918167114,0.9584522247314453,0.5139296054840088,0.733840823173523,0.35564786195755005,0.736880898475647,0.5352211594581604,1.1100194454193115,0.3866942524909973,1.1069189310073853,0.5359737873077393,1.3934962749481201,0.3943767547607422,1.391512155532837,0.5420053005218506,1.6466195583343506,0.401927649974823,1.6425741910934448,0.468087300658226,0.7492469251155853,0.46095770597457886,1.1084691882133484
81,0.4524551033973694,0.5875833034515381,0.5666581988334656,0.7438672184944153,0.3694586455821991,0.7545316219329834,0.593159019947052,0.9620754718780518,0.3082010746002197,0.9585763216018677,0.5139220356941223,0.7340511083602905,0.35562819242477417,0.7369969487190247,0.5353161692619324,1.1100306510925293,0.3867415487766266,1.1069198846817017,0.5362988710403442,1.3935707807540894,0.3944685757160187,1.3916078805923462,0.5423248410224915,1.6469841003417969,0.40165263414382935,1.6428372859954834,0.46805842220783234,0.7491994202136993,0.4610288590192795,1.1084752678871155
82,0.45239847898483276,0.5872451663017273,0.5666893720626831,0.743577241897583,0.36946019530296326,0.7542315721511841,0.5931236743927002,0.9613981246948242,0.3075854182243347,0.9583432674407959,0.5136657357215881,0.7342680096626282,0.3556101620197296,0.7371177673339844,0.5354200601577759,1.1097675561904907,0.38691240549087524,1.1066970825195312,0.5362867116928101,1.3932411670684814,0.3944202959537506,1.391574501991272,0.5421873331069946,1.6466541290283203,0.4015137255191803,1.6428711414337158,0.4680747836828232,0.7489044070243835,0.46116623282432556,1.108232319355011
83,0.452342689037323,0.587108850479126,0.5667792558670044,0.7437236309051514,0.369300901889801,0.7541894912719727,0.5930825471878052,0.9615103006362915,0.3057270646095276,0.9590094685554504,0.5135449171066284,0.7342727780342102,0.3554663360118866,0.7372696399688721,0.5352935791015625,1.110335111618042,0.38662880659103394,1.106992244720459,0.5362408757209778,1.3943465948104858,0.39428138732910156,1.3920842409133911,0.5422000885009766,1.6473978757858276,0.40141743421554565,1.6431108713150024,0.4680400788784027,0.748956561088562,0.4609611928462982,1.1086636781692505
84,0.45214730501174927,0.5867435336112976,0.5667880773544312,0.7438523173332214,0.3691028654575348,0.7541743516921997,0.5930064916610718,0.9615334868431091,0.3056126534938812,0.9597287774085999,0.513239324092865,0.7339025735855103,0.3554877042770386,0.7369690537452698,0.5352885723114014,1.110903263092041,0.38661879301071167,1.107607364654541,0.5361788272857666,1.3948581218719482,0.394205242395401,1.3929057121276855,0.5421509742736816,1.6477415561676025,0.40132206678390503,1.6438335180282593,0.46794547140598297,0.7490133345127106,0.4609536826610565,1.109255313873291
85,0.45201653242111206,0.5867266058921814,0.566925048828125,0.744476318359375,0.3691061735153198,0.7541830539703369,0.5930068492889404,0.9615623354911804,0.3055378496646881,0.9588060975074768,0.5123317241668701,0.7337229251861572,0.3555830419063568,0.7370327115058899,0.5353031158447266,1.1116795539855957,0.38661402463912964,1.1081058979034424,0.5361679196357727,1.3955408334732056,0.3941807448863983,1.3937022686004639,0.5421935319900513,1.6486197710037231,0.40122994780540466,1.6449711322784424,0.4680156111717224,0.749329686164856,0.4609585702419281,1.109892725944519
86,0.4520113468170166,0.5867311358451843,0.5673099160194397,0.7393858432769775,0.37016546726226807,0.7494155168533325,0.5930131673812866,0.9615839719772339,0.3090962767601013,0.9544060230255127,0.5102235078811646,0.7370389699935913,0.3580440580844879,0.7314802408218384,0.5374035239219666,1.0999630689620972,0.39003413915634155,1.097670078277588,0.5397974848747253,1.3823293447494507,0.3986324667930603,1.3802093267440796,0.5463055372238159,1.635163426399231,0.40673261880874634,1.632028579711914,0.4687376916408539,0.744400680065155,0.46371883153915405,1.0988165736198425
87,0.45197057723999023,0.5860055685043335,0.5673192739486694,0.7377855181694031,0.37178295850753784,0.7483361959457397,0.5933114886283875,0.9601921439170837,0.3134682774543762,0.9452427625656128,0.5095974206924438,0.7381649613380432,0.35973605513572693,0.7239883542060852,0.538813591003418,1.0967803001403809,0.39127424359321594,1.0952397584915161,0.5420231819152832,1.3786269426345825,0.4009176790714264,1.3767985105514526,0.5502027273178101,1.6308919191360474,0.40990251302719116,1.6282715797424316,0.46955111622810364,0.7430608570575714,0.46504391729831696,1.0960100293159485
88,0.4519648551940918,0.5851253867149353,0.5671241283416748,0.7355965375900269,0.37192612886428833,0.7484032511711121,0.5931519269943237,0.958568811416626,0.3133642375469208,0.9460629224777222,0.5094150900840759,0.7380052804946899,0.35988849401474,0.7251266241073608,0.5394459962844849,1.0946904420852661,0.3916451334953308,1.0941283702850342,0.5427243113517761,1.3771916627883911,0.40137630701065063,1.3762439489364624,0.5508880019187927,1.6286758184432983,0.40996265411376953,1.6273627281188965,0.46952512860298157,0.7419998943805695,0.46554556488990784,1.0944094061851501
89,0.45213523507118225,0.5850608944892883,0.5671427845954895,0.7357310652732849,0.37152916193008423,0.7493059039115906,0.5931198596954346,0.9590564370155334,0.313249409198761,0.9468461871147156,0.5096304416656494,0.7379993200302124,0.3594352602958679,0.7268706560134888,0.5395900011062622,1.1001378297805786,0.39158257842063904,1.0993895530700684,0.542496383190155,1.3845540285110474,0.4010918140411377,1.383337378501892,0.5504907965660095,1.6345181465148926,0.40945911407470703,1.6322976350784302,0.46933597326278687,0.7425184845924377,0.4655862897634506,1.0997636914253235
90,0.45242220163345337,0.5848676562309265,0.567393958568573,0.7370026707649231,0.3701561391353607,0.7518209218978882,0.5932844877243042,0.9606195092201233,0.3122703433036804,0.9496787786483765,0.5106387734413147,0.7381214499473572,0.3591936528682709,0.7282375693321228,0.5394655466079712,1.1074434518814087,0.3899720013141632,1.1056532859802246,0.540892481803894,1.3938641548156738,0.3982095420360565,1.3900917768478394,0.5469513535499573,1.6454230546951294,0.40235066413879395,1.6420247554779053,0.46877504885196686,0.7444117963314056,0.4647187739610672,1.1065483689308167
91,0.4524233937263489,0.5847119092941284,0.5677517056465149,0.740024983882904,0.3691319525241852,0.7545000314712524,0.5935031175613403,0.9647228121757507,0.3115277886390686,0.9512282013893127,0.5124216079711914,0.7383387684822083,0.35912710428237915,0.72965407371521,0.5388377904891968,1.115562081336975,0.387751042842865,1.1121594905853271,0.5376256108283997,1.4025921821594238,0.3927558660507202,1.3973957300186157,0.5413377285003662,1.6559885740280151,0.39453691244125366,1.651376485824585,0.46844182908535004,0.7472625076770782,0.4632944166660309,1.1138607859611511
92,0.4524196684360504,0.5846115946769714,0.5683364868164062,0.7433865666389465,0.3691338896751404,0.756508469581604,0.5936921834945679,0.9654686450958252,0.3112873435020447,0.9521009922027588,0.5151659250259399,0.7386548519134521,0.3589409589767456,0.7324895858764648,0.5388530492782593,1.120797872543335,0.38775044679641724,1.1177308559417725,0.537731945514679,1.408202052116394,0.3928197920322418,1.4052523374557495,0.5414347648620605,1.6630569696426392,0.3951813578605652,1.658284306526184,0.4687351882457733,0.7499475181102753,0.46330174803733826,1.1192643642425537
93,0.4523589015007019,0.5845333337783813,0.5692514181137085,0.7456571459770203,0.36912721395492554,0.7570995092391968,0.594964861869812,0.9666468501091003,0.3112145662307739,0.953115701675415,0.5175948143005371,0.739057183265686,0.35881441831588745,0.7361156940460205,0.5387197136878967,1.122444748878479,0.38749217987060547,1.119124174118042,0.5377177596092224,1.4098790884017944,0.3924560844898224,1.4068663120269775,0.5415122509002686,1.6661297082901,0.3954817056655884,1.6609247922897339,0.469189316034317,0.7513783276081085,0.4631059467792511,1.1207844614982605
94,0.4523039758205414,0.5845268964767456,0.5702120661735535,0.7464740872383118,0.369765967130661,0.7576608061790466,0.5955909490585327,0.966606855392456,0.31115391850471497,0.9543716311454773,0.51838219165802,0.7392116189002991,0.35877931118011475,0.7377961874008179,0.5394264459609985,1.1224983930587769,0.3880240023136139,1.1197642087936401,0.5386450290679932,1.4104431867599487,0.39277052879333496,1.4089938402175903,0.5420606732368469,1.6674340963363647,0.39594313502311707,1.6635136604309082,0.46998901665210724,0.7520674467086792,0.4637252241373062,1.1211313009262085
95,0.452300488948822,0.5846021175384521,0.570703387260437,0.7464596033096313,0.3698597550392151,0.757630467414856,0.5959855318069458,0.9665979146957397,0.3112967610359192,0.9556009769439697,0.5183805227279663,0.7408398389816284,0.3582686185836792,0.7394586801528931,0.5394189953804016,1.1222621202468872,0.38805991411209106,1.1194721460342407,0.5387259721755981,1.4096932411193848,0.3929707705974579,1.4079444408416748,0.5421545505523682,1.6662629842758179,0.3963605463504791,1.6620979309082031,0.47028157114982605,0.7520450353622437,0.46373945474624634,1.120867133140564
96,0.45216360688209534,0.5846024751663208,0.5709825158119202,0.7455960512161255,0.3709063231945038,0.757284939289093,0.5963935852050781,0.9659558534622192,0.3121510148048401,0.9554579854011536,0.5183640718460083,0.7414193749427795,0.3582441806793213,0.7394630908966064,0.5401816964149475,1.1173720359802246,0.38960063457489014,1.1154248714447021,0.539803683757782,1.4037120342254639,0.39518916606903076,1.4032394886016846,0.5437048077583313,1.65944504737854,0.39890822768211365,1.657762050628662,0.470944419503212,0.7514404952526093,0.4648911654949188,1.1163984537124634
97,0.45207101106643677,0.5845984220504761,0.5709809064865112,0.7455387711524963,0.37106838822364807,0.7567240595817566,0.5966183543205261,0.9660061001777649,0.31253108382225037,0.9555186033248901,0.5186494588851929,0.742527425289154,0.3582238554954529,0.7399485111236572,0.5401625037193298,1.114615559577942,0.3896888792514801,1.1134542226791382,0.5401015281677246,1.4013502597808838,0.3963854908943176,1.4014009237289429,0.5450701713562012,1.656843900680542,0.4019377827644348,1.6561928987503052,0.47102464735507965,0.7511314153671265,0.46492569148540497,1.11403489112854
98,0.45208272337913513,0.5846464037895203,0.570990264415741,0.7454961538314819,0.37135371565818787,0.756693422794342,0.5972184538841248,0.9657076597213745,0.3118881583213806,0.9553120732307434,0.518353283405304,0.7430316209793091,0.3582071363925934,0.7398387789726257,0.5397756099700928,1.1153168678283691,0.38937002420425415,1.113795518875122,0.5396867394447327,1.402323603630066,0.39629030227661133,1.402341365814209,0.5444002151489258,1.6575943231582642,0.40168046951293945,1.656715989112854,0.4711719900369644,0.751094788312912,0.46457281708717346,1.1145561933517456
99,0.45234888792037964,0.5846538543701172,0.5710769295692444,0.7468230724334717,0.3710276484489441,0.757491409778595,0.5971864461898804,0.9667016267776489,0.31079623103141785,0.9555684328079224,0.5177956223487854,0.7416070103645325,0.35904398560523987,0.7368536591529846,0.5390685200691223,1.125576376914978,0.3874134421348572,1.1221295595169067,0.5380003452301025,1.4144234657287598,0.3931170701980591,1.4127250909805298,0.5423108339309692,1.6704684495925903,0.39752891659736633,1.6669338941574097,0.47105228900909424,0.7521572411060333,0.46324098110198975,1.1238529682159424
100,0.4525448679924011,0.5846532583236694,0.5716457962989807,0.7494609355926514,0.3696938157081604,0.7631697058677673,0.5972785949707031,0.966363251209259,0.30843764543533325,0.9565685987472534,0.5154944658279419,0.7261785268783569,0.3590227961540222,0.7319900989532471,0.5381415486335754,1.1394875049591064,0.38517194986343384,1.1348671913146973,0.5356124639511108,1.4305351972579956,0.3904918134212494,1.4296820163726807,0.5399466753005981,1.6867510080337524,0.39610594511032104,1.6854528188705444,0.47066980600357056,0.7563153207302094,0.46165674924850464,1.1371773481369019
101,0.4518250524997711,0.5849123001098633,0.5703173875808716,0.7493751645088196,0.36979904770851135,0.7642648220062256,0.5966014862060547,0.9556980133056641,0.3100082278251648,0.9420689344406128,0.5060749650001526,0.719584047794342,0.3671969175338745,0.7180412411689758,0.5376265048980713,1.136950135231018,0.3854244351387024,1.132373332977295,0.5354001522064209,1.4285129308700562,0.39188140630722046,1.4207663536071777,0.5401473641395569,1.683302402496338,0.3962353467941284,1.6807652711868286,0.47005821764469147,0.7568199932575226,0.46152547001838684,1.1346617341041565
102,0.4518265724182129,0.5859590172767639,0.5692468285560608,0.7500562071800232,0.36980119347572327,0.7645973563194275,0.5962070822715759,0.9552474617958069,0.310011625289917,0.9416555166244507,0.5033476948738098,0.721461832523346,0.3714752495288849,0.7113617062568665,0.5356859564781189,1.1355663537979126,0.38329586386680603,1.1315381526947021,0.5340619087219238,1.4258701801300049,0.39038100838661194,1.4190189838409424,0.5396620035171509,1.6818867921829224,0.39433157444000244,1.6791954040527344,0.46952401101589203,0.7573267817497253,0.45949091017246246,1.1335522532463074
103,0.4516110420227051,0.5860000252723694,0.5690274238586426,0.7503020763397217,0.3698703348636627,0.7644424438476562,0.5960022211074829,0.9552454352378845,0.30989235639572144,0.943204939365387,0.5029098391532898,0.7239825129508972,0.37234827876091003,0.7110121250152588,0.5356432199478149,1.1345206499099731,0.3833613395690918,1.1307955980300903,0.5341298580169678,1.4239120483398438,0.39046695828437805,1.4179414510726929,0.5398086309432983,1.6799014806747437,0.39438217878341675,1.677337646484375,0.46944887936115265,0.757372260093689,0.45950227975845337,1.1326581239700317
104,0.45157140493392944,0.5859334468841553,0.5689482688903809,0.7505283951759338,0.36996668577194214,0.7643333077430725,0.5955288410186768,0.9555297493934631,0.3076058626174927,0.9448200464248657,0.5026569366455078,0.7282692790031433,0.3720364570617676,0.7124128937721252,0.5343482494354248,1.1336833238601685,0.38208669424057007,1.1303743124008179,0.5327731370925903,1.4227948188781738,0.3892962336540222,1.4172111749649048,0.5373611450195312,1.6788522005081177,0.3916324973106384,1.6761581897735596,0.4694574773311615,0.7574308514595032,0.45821747183799744,1.1320288181304932
105,0.4521431028842926,0.5859121680259705,0.5684701204299927,0.7504801154136658,0.3669058680534363,0.7652674913406372,0.595535397529602,0.9557216763496399,0.30609968304634094,0.9468774199485779,0.5031464099884033,0.7315454483032227,0.3718307614326477,0.7133500576019287,0.5341156125068665,1.1338363885879517,0.3807675838470459,1.1310837268829346,0.5327969789505005,1.4229637384414673,0.3894140124320984,1.4174965620040894,0.5378732085227966,1.6782337427139282,0.3918456435203552,1.675476312637329,0.4676879942417145,0.7578738033771515,0.4574415981769562,1.1324600577354431
106,0.45218753814697266,0.5861228704452515,0.5684153437614441,0.7503489851951599,0.3669215440750122,0.7659118175506592,0.5952998399734497,0.955837070941925,0.3058885931968689,0.947653591632843,0.5034914016723633,0.7320817708969116,0.3722696304321289,0.7141191363334656,0.534978985786438,1.1349716186523438,0.380959689617157,1.133089542388916,0.5346129536628723,1.4248415231704712,0.39055877923965454,1.4194071292877197,0.5412045121192932,1.6799790859222412,0.3936311602592468,1.6766005754470825,0.46766844391822815,0.7581304013729095,0.4579693377017975,1.1340305805206299
107,0.45218580961227417,0.5885613560676575,0.5697427988052368,0.7513570785522461,0.3705255687236786,0.7663676142692566,0.5952343344688416,0.9566754102706909,0.3067159652709961,0.9478774666786194,0.5024078488349915,0.7292732000350952,0.37195441126823425,0.7141016721725464,0.5353407859802246,1.136751413345337,0.3811192214488983,1.1330851316452026,0.5347260236740112,1.4278709888458252,0.3912845551967621,1.4195653200149536,0.5412291884422302,1.6850552558898926,0.39376264810562134,1.679022192955017,0.4701341837644577,0.7588623464107513,0.45823000371456146,1.1349182724952698
108,0.4524087905883789,0.5891879796981812,0.5701878666877747,0.7518876194953918,0.3706335723400116,0.7671282291412354,0.5954249501228333,0.9569219350814819,0.306616872549057,0.9519104361534119,0.5024908781051636,0.729333758354187,0.3718077540397644,0.7158384323120117,0.5355135202407837,1.1382054090499878,0.38120967149734497,1.1344271898269653,0.5347386598587036,1.4298049211502075,0.3913085162639618,1.421739101409912,0.5413759350776672,1.686302900314331,0.3938843607902527,1.6807724237442017,0.4704107195138931,0.7595079243183136,0.45836159586906433,1.1363162994384766
109,0.45271167159080505,0.589621365070343,0.5710336565971375,0.7519990801811218,0.37132638692855835,0.7672430276870728,0.5954134464263916,0.9570456147193909,0.30795568227767944,0.9519360065460205,0.5020450353622437,0.7278334498405457,0.37193185091018677,0.715642511844635,0.5362142324447632,1.1378999948501587,0.3816501200199127,1.1341882944107056,0.5355335474014282,1.4291999340057373,0.3927256464958191,1.421372652053833,0.542684018611908,1.6856803894042969,0.395283967256546,1.6803288459777832,0.4711800217628479,0.7596210539340973,0.45893217623233795,1.1360441446304321
110,0.4524381160736084,0.5896085500717163,0.5710271596908569,0.7534246444702148,0.371317982673645,0.7673810124397278,0.5954335927963257,0.957162618637085,0.3059452772140503,0.9531117677688599,0.5011575222015381,0.725942075252533,0.3712194561958313,0.7161178588867188,0.5352565050125122,1.1389565467834473,0.3809664845466614,1.1348918676376343,0.5352187156677246,1.4302963018417358,0.39251708984375,1.4220370054244995,0.5425537824630737,1.6866657733917236,0.39532461762428284,1.6806468963623047,0.471172571182251,0.7604028284549713,0.4581114947795868,1.1369242072105408
111,0.4523836672306061,0.5895954370498657,0.571021318435669,0.7545262575149536,0.37003371119499207,0.768438994884491,0.5954337120056152,0.9579627513885498,0.3055742681026459,0.9575332403182983,0.5012606382369995,0.7262139916419983,0.37112101912498474,0.7163556218147278,0.5341293811798096,1.1440508365631104,0.3793814480304718,1.140421986579895,0.534204363822937,1.4376122951507568,0.39139971137046814,1.4300577640533447,0.5421431660652161,1.6932330131530762,0.3953518867492676,1.6874958276748657,0.4705275148153305,0.7614826261997223,0.4567554146051407,1.1422364115715027
112,0.4524369239807129,0.5895680785179138,0.5699264407157898,0.7569013833999634,0.36609822511672974,0.7700551748275757,0.595411479473114,0.9632466435432434,0.3022191524505615,0.9641849398612976,0.5011909604072571,0.7276351451873779,0.37095507979393005,0.7206560969352722,0.5307931303977966,1.1510913372039795,0.37400022149086,1.1470941305160522,0.531478762626648,1.4483075141906738,0.38771966099739075,1.4417225122451782,0.5413331985473633,1.704846739768982,0.3947526812553406,1.7003315687179565,0.46801233291625977,0.7634782791137695,0.4523966759443283,1.1490927338600159
113,0.45201143622398376,0.5892693996429443,0.5697892308235168,0.758922815322876,0.36377111077308655,0.7709589004516602,0.5954595804214478,0.9658008813858032,0.30219393968582153,0.9637831449508667,0.5017809271812439,0.7294282913208008,0.3704681098461151,0.7256637811660767,0.5272510647773743,1.1535500288009644,0.3705295920372009,1.1476331949234009,0.5246359705924988,1.4505928754806519,0.3791874647140503,1.439337968826294,0.5293989181518555,1.7127625942230225,0.3790625333786011,1.7030826807022095,0.4667801707983017,0.7649408578872681,0.4488903284072876,1.1505916118621826
114,0.449823796749115,0.5887449979782104,0.5695689916610718,0.7607314586639404,0.3633224070072174,0.771216094493866,0.5956833362579346,0.9660939574241638,0.30130332708358765,0.9644519686698914,0.5023486614227295,0.728995144367218,0.37019193172454834,0.7282499074935913,0.525085985660553,1.1533160209655762,0.36917752027511597,1.146949291229248,0.5209242105484009,1.449920892715454,0.37401020526885986,1.4379361867904663,0.5248658657073975,1.7144383192062378,0.37347790598869324,1.7031745910644531,0.4664456993341446,0.7659737765789032,0.4471317529678345,1.150132656097412
115,0.4496327042579651,0.5878949761390686,0.5694757699966431,0.7607126832008362,0.3631071448326111,0.7715083360671997,0.595791220664978,0.9675332307815552,0.3028281331062317,0.9643701910972595,0.5028203725814819,0.7273060083389282,0.37014856934547424,0.7278724312782288,0.525513231754303,1.1558563709259033,0.3696097433567047,1.148965835571289,0.5216287970542908,1.4537605047225952,0.37515753507614136,1.442233681678772,0.5264848470687866,1.7166717052459717,0.3762909770011902,1.708662748336792,0.4662914574146271,0.7661105096340179,0.44756148755550385,1.1524111032485962
116,0.45155277848243713,0.588070273399353,0.5691986680030823,0.7619314193725586,0.36091843247413635,0.774291455745697,0.5958009958267212,0.9705855250358582,0.301903635263443,0.9704877138137817,0.5028529763221741,0.7273671627044678,0.37108999490737915,0.7320606708526611,0.5258224010467529,1.1612067222595215,0.3694083094596863,1.1561272144317627,0.5220816731452942,1.4612579345703125,0.3762062191963196,1.452919602394104,0.5278098583221436,1.7255791425704956,0.37682148814201355,1.7200862169265747,0.4650585502386093,0.7681114375591278,0.4476153552532196,1.158666968345642
117,0.45096760988235474,0.5879825353622437,0.5697723031044006,0.7647169232368469,0.36041566729545593,0.7764593958854675,0.5951558947563171,0.9722830057144165,0.30031996965408325,0.9710047245025635,0.5000441074371338,0.7248982787132263,0.37186291813850403,0.7380740642547607,0.5253781676292419,1.1715285778045654,0.3677729368209839,1.163984775543213,0.5196303725242615,1.476292371749878,0.3734810948371887,1.4665205478668213,0.5252244472503662,1.7393919229507446,0.37654244899749756,1.7321817874908447,0.4650939851999283,0.7705881595611572,0.4465755522251129,1.1677566766738892
118,0.4505048394203186,0.5880489945411682,0.570170521736145,0.7642689943313599,0.3597942590713501,0.7767983675003052,0.5970025658607483,0.9723233580589294,0.29621565341949463,0.9746800065040588,0.5001667737960815,0.725143551826477,0.37063294649124146,0.7573522925376892,0.5281533002853394,1.1690658330917358,0.36814501881599426,1.1640608310699463,0.5241429805755615,1.4723632335662842,0.3741094470024109,1.464128851890564,0.5327675342559814,1.7370470762252808,0.38095957040786743,1.732739806175232,0.46498239040374756,0.7705336809158325,0.4481491595506668,1.166563332080841
119,0.45032843947410583,0.5885792970657349,0.5702401399612427,0.7642086744308472,0.3592299520969391,0.7782926559448242,0.5975226759910583,0.9723978042602539,0.29403358697891235,0.9757550954818726,0.5000249147415161,0.7252283692359924,0.3706199824810028,0.7580331563949585,0.5292609930038452,1.170009732246399,0.368430495262146,1.166438341140747,0.5252729654312134,1.4755264520645142,0.37482303380966187,1.4687092304229736,0.5344704389572144,1.7409459352493286,0.38133859634399414,1.737460732460022,0.4647350460290909,0.7712506651878357,0.4488457441329956,1.168224036693573
120,0.4503430426120758,0.589198112487793,0.5699139833450317,0.763763427734375,0.35856494307518005,0.7782289981842041,0.5977274775505066,0.9723002910614014,0.2943461835384369,0.9815881848335266,0.49923405051231384,0.7251284122467041,0.3713222146034241,0.7589675784111023,0.5297616720199585,1.1686965227127075,0.3685804605484009,1.1662368774414062,0.5268653631210327,1.473131775856018,0.37530893087387085,1.4684698581695557,0.5370864868164062,1.7384965419769287,0.38349616527557373,1.7356739044189453,0.4642394632101059,0.7709962129592896,0.4491710662841797,1.1674667000770569
121,0.4504964351654053,0.5898169279098511,0.5696972012519836,0.7642229795455933,0.3580162823200226,0.7800801396369934,0.5980505347251892,0.9722204208374023,0.29654866456985474,0.9805856347084045,0.4992266297340393,0.722150981426239,0.37691715359687805,0.7568894028663635,0.5296696424484253,1.170036792755127,0.36853480339050293,1.1690623760223389,0.5268141031265259,1.4756168127059937,0.37556692957878113,1.4720032215118408,0.5372208952903748,1.7413578033447266,0.3841930031776428,1.7395882606506348,0.4638567417860031,0.7721515595912933,0.4491022229194641,1.169549584388733
122,0.4504525065422058,0.5895642638206482,0.5696951746940613,0.7648755311965942,0.3576628267765045,0.7799923419952393,0.6000239253044128,0.976831316947937,0.2964736819267273,0.9806054830551147,0.49880266189575195,0.7230008244514465,0.37823542952537537,0.7557147145271301,0.5288166403770447,1.1739109754562378,0.3663533329963684,1.172278642654419,0.5254620313644409,1.4814388751983643,0.3738727569580078,1.4773914813995361,0.5355462431907654,1.7479169368743896,0.38345664739608765,1.7440677881240845,0.4636790007352829,0.7724339365959167,0.44758498668670654,1.1730948090553284
123,0.45041123032569885,0.5892680287361145,0.5697401762008667,0.7651101350784302,0.35771316289901733,0.7770727872848511,0.5999310612678528,0.9776437878608704,0.29633042216300964,0.980243980884552,0.49839887022972107,0.7251308560371399,0.3792259991168976,0.755272626876831,0.5259405970573425,1.1737425327301025,0.3637307286262512,1.1711140871047974,0.5198380947113037,1.4811815023422241,0.3672049641609192,1.474820852279663,0.5264177918434143,1.747755765914917,0.37344908714294434,1.7417292594909668,0.463726669549942,0.7710914611816406,0.4448356628417969,1.17242830991745
124,0.45030611753463745,0.589163064956665,0.5697399377822876,0.7644445896148682,0.35773417353630066,0.773193895816803,0.5986593961715698,0.9775776267051697,0.29649245738983154,0.9800364375114441,0.49744439125061035,0.7285700440406799,0.3799096345901489,0.7543968558311462,0.5257485508918762,1.1717795133590698,0.3637765049934387,1.1677626371383667,0.5198419690132141,1.4794635772705078,0.36739015579223633,1.4710335731506348,0.5261469483375549,1.7474288940429688,0.37329137325286865,1.7384041547775269,0.46373705565929413,0.7688192427158356,0.44476252794265747,1.1697710752487183
125,0.4514322280883789,0.5942757725715637,0.5705288648605347,0.7589390277862549,0.36610692739486694,0.7688682675361633,0.5982352495193481,0.9709755182266235,0.3109592795372009,0.9482792615890503,0.4974570870399475,0.7287406921386719,0.38727670907974243,0.7189834713935852,0.532124936580658,1.1537076234817505,0.37422341108322144,1.1497013568878174,0.5269184112548828,1.4554808139801025,0.37840980291366577,1.443543791770935,0.531606137752533,1.7219440937042236,0.38299041986465454,1.7104588747024536,0.4683178961277008,0.7639036476612091,0.4531741738319397,1.151704490184784
126,0.45135822892189026,0.5987472534179688,0.5706889629364014,0.7552697658538818,0.3685944676399231,0.7683674097061157,0.5981324911117554,0.9691726565361023,0.3130781650543213,0.9511651396751404,0.49791011214256287,0.7287045121192932,0.3875309228897095,0.7220987677574158,0.5351181626319885,1.1461671590805054,0.377823144197464,1.1420279741287231,0.5304204821586609,1.4489243030548096,0.3832186162471771,1.4380310773849487,0.5355479717254639,1.7145177125930786,0.39103031158447266,1.704265832901001,0.46964171528816223,0.7618185877799988,0.45647065341472626,1.1440975666046143
127,0.4513527750968933,0.5994071364402771,0.570705771446228,0.750325620174408,0.36928385496139526,0.7648417353630066,0.6036635637283325,0.9691997766494751,0.3120846748352051,0.9532515406608582,0.5018705725669861,0.7331153154373169,0.3867897391319275,0.7254795432090759,0.535528838634491,1.1357920169830322,0.3792572021484375,1.1320858001708984,0.5313366055488586,1.4387189149856567,0.38484352827072144,1.4290486574172974,0.5368108153343201,1.7030788660049438,0.3932616710662842,1.6950602531433105,0.46999481320381165,0.7575836777687073,0.45739302039146423,1.1339389085769653
128,0.45138731598854065,0.5991054177284241,0.570370078086853,0.7399920225143433,0.37256941199302673,0.7535015344619751,0.6034043431282043,0.964637815952301,0.3127967417240143,0.9464681148529053,0.5069995522499084,0.7384536862373352,0.38699954748153687,0.7263966202735901,0.538425087928772,1.1123127937316895,0.3880438208580017,1.1124871969223022,0.5366524457931519,1.411803960800171,0.3926175534725189,1.4056262969970703,0.5417251586914062,1.6749337911605835,0.4034441411495209,1.671109676361084,0.4714697450399399,0.7467467784881592,0.46323445439338684,1.1123999953269958
129,0.450939804315567,0.5983362197875977,0.5677266120910645,0.7307860851287842,0.3735421597957611,0.7427091002464294,0.6021929383277893,0.9590322375297546,0.31722432374954224,0.9436735510826111,0.5087312459945679,0.743010401725769,0.38755086064338684,0.7317048907279968,0.5391821265220642,1.0876530408859253,0.3927665054798126,1.089661955833435,0.5383982062339783,1.38109290599823,0.3974534273147583,1.3768943548202515,0.5432073473930359,1.6412068605422974,0.40765827894210815,1.639590859413147,0.4706343859434128,0.7367475926876068,0.4659743160009384,1.0886574983596802
130,0.4505319595336914,0.5982372164726257,0.5669377446174622,0.7294572591781616,0.37313422560691833,0.7408244609832764,0.6018315553665161,0.9554036259651184,0.31882402300834656,0.9455841779708862,0.5103136301040649,0.7427570223808289,0.3885957896709442,0.737800657749176,0.5388799905776978,1.086130142211914,0.3908160328865051,1.0857542753219604,0.5381056666374207,1.3752620220184326,0.3957992196083069,1.3717843294143677,0.5430119633674622,1.632083535194397,0.4053933620452881,1.6287615299224854,0.47003598511219025,0.735140860080719,0.46484801173210144,1.0859422087669373
